<layouts>
  <layout name="root">
    <row>
      <button type="voicerec" icon="voice.png"/>
      <button type="picture" icon="camera.png"/>
      <button type="textnote" icon="text.png"/>
    </row>
    <row>
      <button type="tag" label="Sewage line" icon="sewage-line.png"/>
      <button type="tag" label="Sewer manhole" icon="sewer-manhole.png"/>
      <button type="tag" label="Telecom manhole" icon="telecom-manhole.png"/>
    </row>
    <row>
      <button type="tag" label="Public toilet" icon="public-toilet.png"/>
      <button type="tag" label="Public toilet - gents" icon="gents-toilet.png"/>
      <button type="tag" label="Public toilet - ladies" icon="ladies-toilet.png"/>
    </row>
    <row>
      <button type="tag" label="Waste basket" icon="waste-basket.png"/>
      <button type="tag" label="Waste disposal" icon="waste-disposal.png"/>
    </row>
  </layout>
</layouts>